model_no,batch_size,embed_dim,class_weight,loss,accuracy,best_val_accuracy_in_history,best_val_loss_in_history,epochs_ran,saved_path
1,64,512,False,0.9129562973976135,0.7575136423110962,0.7575136423110962,0.796403706073761,29,./models/model_0.757514_model1_bat64_emb512.h5
1,64,512,True,0.9248182773590088,0.7588797807693481,0.7588797807693481,0.8152704834938049,37,./models/model_0.758880_model1_bat64_emb512_classW.h5
1,64,640,False,0.9173853993415833,0.7595628499984741,0.7595628499984741,0.8152210712432861,38,./models/model_0.759563_model1_bat64_emb640.h5
1,64,640,True,0.8848188519477844,0.7581967115402222,0.7581967115402222,0.8189446330070496,27,./models/model_0.758197_model1_bat64_emb640_classW.h5
1,64,768,False,0.9250777363777161,0.755464494228363,0.755464494228363,0.8345102071762085,29,./models/model_0.755464_model1_bat64_emb768.h5
1,64,768,True,0.8670163750648499,0.7527322173118591,0.7527322173118591,0.8397191166877747,23,./models/model_0.752732_model1_bat64_emb768_classW.h5
1,128,512,False,0.851200520992279,0.7547814249992371,0.7547814249992371,0.8512021899223328,24,./models/model_0.754781_model1_bat128_emb512.h5
1,128,512,True,0.9324808716773987,0.7465847134590149,0.7465847134590149,0.860365092754364,36,./models/model_0.746585_model1_bat128_emb512_classW.h5
1,128,640,False,0.9313079118728638,0.7520492076873779,0.7520492076873779,0.8294481039047241,48,./models/model_0.752049_model1_bat128_emb640.h5
1,128,640,True,0.8571374416351318,0.744535505771637,0.744535505771637,0.8571391105651855,25,./models/model_0.744536_model1_bat128_emb640_classW.h5
1,128,768,False,0.914863109588623,0.7540983557701111,0.7540983557701111,0.8374022841453552,29,./models/model_0.754098_model1_bat128_emb768.h5
1,128,768,True,0.8659916520118713,0.7459016442298889,0.7459016442298889,0.8488388657569885,23,./models/model_0.745902_model1_bat128_emb768_classW.h5
1,192,512,False,0.8612117171287537,0.7602459192276001,0.7602459192276001,0.8083499670028687,34,./models/model_0.760246_model1_bat192_emb512.h5
1,192,512,True,0.887229323387146,0.7547814249992371,0.7547814249992371,0.8119535446166992,29,./models/model_0.754781_model1_bat192_emb512_classW.h5
1,192,640,False,0.9435103535652161,0.7527322173118591,0.7527322173118591,0.9260432124137878,33,./models/model_0.752732_model1_bat192_emb640.h5
1,192,640,True,0.9548419117927551,0.7418032884597778,0.7418032884597778,0.941124439239502,41,./models/model_0.741803_model1_bat192_emb640_classW.h5
1,192,768,False,0.8937758803367615,0.743852436542511,0.743852436542511,0.8937727212905884,28,./models/model_0.743852_model1_bat192_emb768.h5
1,192,768,True,0.8785109519958496,0.75,0.75,0.8785070776939392,28,./models/model_0.750000_model1_bat192_emb768_classW.h5
2,64,512,False,0.941987156867981,0.756147563457489,0.756147563457489,0.8562327027320862,37,./models/model_0.756148_model2_bat64_emb512.h5
2,64,512,True,0.9543613195419312,0.7588797807693481,0.7588797807693481,0.8441663980484009,67,./models/model_0.758880_model2_bat64_emb512_classW.h5
2,64,640,False,0.9281147718429565,0.7595628499984741,0.7595628499984741,0.8452698588371277,35,./models/model_0.759563_model2_bat64_emb640.h5
2,64,640,True,0.9332626461982727,0.7568305730819702,0.7568305730819702,0.8378164768218994,29,./models/model_0.756831_model2_bat64_emb640_classW.h5
2,64,768,False,0.8362724184989929,0.7575136423110962,0.7575136423110962,0.8362710475921631,21,./models/model_0.757514_model2_bat64_emb768.h5
2,64,768,True,0.8984950184822083,0.7636612057685852,0.7636612057685852,0.8413320183753967,27,./models/model_0.763661_model2_bat64_emb768_classW.h5
2,128,512,False,0.8610156178474426,0.749316930770874,0.749316930770874,0.8610135912895203,24,./models/model_0.749317_model2_bat128_emb512.h5
2,128,512,True,0.974947988986969,0.75,0.75,0.8971549272537231,32,./models/model_0.750000_model2_bat128_emb512_classW.h5
2,128,640,False,0.951882541179657,0.7479507923126221,0.7479507923126221,0.8913910984992981,29,./models/model_0.747951_model2_bat128_emb640.h5
2,128,640,True,0.9212717413902283,0.7602459192276001,0.7602459192276001,0.8447497487068176,33,./models/model_0.760246_model2_bat128_emb640_classW.h5
2,128,768,False,0.9392648339271545,0.7581967115402222,0.7581967115402222,0.8895002007484436,37,./models/model_0.758197_model2_bat128_emb768.h5
2,128,768,True,0.9302440881729126,0.7534152865409851,0.7534152865409851,0.8694285154342651,39,./models/model_0.753415_model2_bat128_emb768_classW.h5
2,192,512,False,0.9518921971321106,0.7527322173118591,0.7527322173118591,0.9204195737838745,34,./models/model_0.752732_model2_bat192_emb512.h5
2,192,512,True,0.9046931266784668,0.7452185750007629,0.7452185750007629,0.8698011040687561,29,./models/model_0.745219_model2_bat192_emb512_classW.h5
2,192,640,False,0.9334022402763367,0.7588797807693481,0.7588797807693481,0.8478911519050598,38,./models/model_0.758880_model2_bat192_emb640.h5
2,192,640,True,0.9899405241012573,0.7452185750007629,0.7452185750007629,0.9226579666137695,41,./models/model_0.745219_model2_bat192_emb640_classW.h5
2,192,768,False,0.8869217038154602,0.7581967115402222,0.7581967115402222,0.8820021748542786,30,./models/model_0.758197_model2_bat192_emb768.h5
2,192,768,True,0.9346104860305786,0.756147563457489,0.756147563457489,0.8249354958534241,36,./models/model_0.756148_model2_bat192_emb768_classW.h5
3,64,512,False,0.816919207572937,0.7581967115402222,0.7581967115402222,0.8169202208518982,20,./models/model_0.758197_model3_bat64_emb512.h5
3,64,512,True,0.9397432804107666,0.7527322173118591,0.7527322173118591,0.8526371121406555,58,./models/model_0.752732_model3_bat64_emb512_classW.h5
3,64,640,False,0.8656877875328064,0.7575136423110962,0.7575136423110962,0.8583251237869263,22,./models/model_0.757514_model3_bat64_emb640.h5
3,64,640,True,0.949971079826355,0.7520492076873779,0.7520492076873779,0.8410659432411194,38,./models/model_0.752049_model3_bat64_emb640_classW.h5
3,64,768,False,0.9560400247573853,0.7520492076873779,0.7520492076873779,0.8498837947845459,33,./models/model_0.752049_model3_bat64_emb768.h5
3,64,768,True,0.9464360475540161,0.7418032884597778,0.7418032884597778,0.8455447554588318,27,./models/model_0.741803_model3_bat64_emb768_classW.h5
3,128,512,False,0.8430328965187073,0.7602459192276001,0.7602459192276001,0.8430303931236267,24,./models/model_0.760246_model3_bat128_emb512.h5
3,128,512,True,0.8710183501243591,0.7479507923126221,0.7479507923126221,0.8710150122642517,24,./models/model_0.747951_model3_bat128_emb512_classW.h5
3,128,640,False,0.9398120045661926,0.748633861541748,0.748633861541748,0.8415477871894836,32,./models/model_0.748634_model3_bat128_emb640.h5
3,128,640,True,0.9096404314041138,0.7534152865409851,0.7534152865409851,0.8770495057106018,28,./models/model_0.753415_model3_bat128_emb640_classW.h5
3,128,768,False,0.9080915451049805,0.7452185750007629,0.7452185750007629,0.8763841986656189,26,./models/model_0.745219_model3_bat128_emb768.h5
3,128,768,True,0.9418447613716125,0.7390710115432739,0.7390710115432739,0.8706765174865723,34,./models/model_0.739071_model3_bat128_emb768_classW.h5
3,192,512,False,0.9205338954925537,0.748633861541748,0.748633861541748,0.8843654990196228,38,./models/model_0.748634_model3_bat192_emb512.h5
3,192,512,True,0.8912976980209351,0.7629781365394592,0.7629781365394592,0.8396725058555603,31,./models/model_0.762978_model3_bat192_emb512_classW.h5
3,192,640,False,0.9964950680732727,0.7356557250022888,0.7356557250022888,0.9629664421081543,36,./models/model_0.735656_model3_bat192_emb640.h5
3,192,640,True,0.9922850728034973,0.7301912307739258,0.7301912307739258,0.9330126047134399,63,./models/model_0.730191_model3_bat192_emb640_classW.h5
3,192,768,False,0.9355690479278564,0.7595628499984741,0.7595628499984741,0.8848172426223755,45,./models/model_0.759563_model3_bat192_emb768.h5
3,192,768,True,0.9443020224571228,0.749316930770874,0.749316930770874,0.8958204984664917,31,./models/model_0.749317_model3_bat192_emb768_classW.h5
